{
	"format_version": "1.8.0",
	"animations": {
		"animation.extendedrendererentity.slam": {
			"animation_length": 1,
			"bones": {
				"bipedBody": {
					"rotation": {
						"0.0": [0, 0, 0],
						"0.0417": [0, 0, 0],
						"0.1667": [62.5, 0, 0]
					}
				},
				"bipedArmLeft": {
					"rotation": {
						"0.0": [0, 0, 0],
						"0.0417": [-157.09019, 10.28859, -22.90981],
						"0.1667": [-65.70944, 33.4762, -12.73272],
						"0.25": [-48.20944, 33.4762, -12.73272]
					},
					"position": [0, 0, 0]
				},
				"bipedArmRight": {
					"rotation": {
						"0.0": [0, 0, 0],
						"0.0417": [-159.82607, -10.17781, 25.68482],
						"0.1667": [-68.92104, -33.81285, 16.80128],
						"0.25": [-22.88634, -47.44694, -11.14281]
					}
				},
				"rightItem": {
					"rotation": {
						"0.0": [0, 0, 0],
						"0.125": [60.47111, -0.75504, 28.41805],
						"0.25": [4.13066, 26.98285, 24.72871]
					},
					"position": {
						"0.0": [0, 0, 0],
						"0.125": [2, -2, 0],
						"0.25": [3, -2, 0]
					}
				},
				"bipedLegLeft": {
					"rotation": {
						"0.0": [0, 0, 0],
						"0.0417": [0, 0, 0],
						"0.1667": [-35, 0, 0]
					}
				},
				"bipedLegRight": {
					"rotation": {
						"0.0": [0, 0, 0],
						"0.0417": [0, 0, 0],
						"0.1667": [-67.5, 0, 0]
					}
				},
				"bipedHead": {
					"rotation": {
						"0.0": [0, 0, 0],
						"0.0417": [-57.5, 0, 0],
						"0.1667": [-32.5, 0, 0]
					}
				}
			}
		},
		"animation.extendedrendererentity.new": {
			"loop": true
		},
		"animation.extendedrendererentity.walk": {
			"animation_length": 0.5,
			"bones": {
				"bipedLegLeft": {
					"rotation": {
						"0.0": [0, 0, 0],
						"0.125": [45, 0, 0],
						"0.3333": [-45, 0, 0],
						"0.5": [0, 0, 0]
					}
				},
				"bipedLegRight": {
					"rotation": {
						"0.0": [0, 0, 0],
						"0.125": [-45, 0, 0],
						"0.3333": [45, 0, 0],
						"0.5": [0, 0, 0]
					}
				},
				"bipedArmRight": {
					"rotation": [23.60589, 8.7503, 33.98932]
				},
				"bipedArmLeft": {
					"rotation": {
						"0.0": [0, 0, 0],
						"0.125": [-45, 0, 0],
						"0.3333": [45, 0, 0],
						"0.5": [0, 0, 0]
					}
				}
			}
		},
		"animation.extendedrendererentity.staffswing": {
			"animation_length": 1,
			"bones": {
				"bipedBody": {
					"rotation": {
						"0.0": [0, 0, 0],
						"0.0417": [-12, 16, 0],
						"0.2083": [14, -56, -15],
						"0.5": [14, -36, -13]
					}
				},
				"bipedArmLeft": {
					"rotation": {
						"0.0": [0, 0, 0],
						"0.0417": [-14.78217, -2.57594, -15.6658],
						"0.2083": [36.19714, 10.54794, -20.04397]
					}
				},
				"bipedArmRight": {
					"rotation": {
						"0.0": [0, 0, 0],
						"0.0417": [1, 7, 60],
						"0.2083": [-90, 50, 11],
						"0.5": [-80, -38, 10]
					}
				},
				"rightItem": {
					"rotation": {
						"0.0": [0, 0, 0],
						"0.2083": [90, 0, -45]
					}
				},
				"bipedHead": {
					"rotation": {
						"0.0": [0, 0, 0],
						"0.0417": [1, -17, 4],
						"0.2083": [-6.32396, 63.93231, -0.06132],
						"0.5": [-9.39886, 40.92962, 7.92275]
					}
				},
				"bipedLegLeft": {
					"rotation": {
						"0.0": [0, 0, 0],
						"0.0417": [5, -20, -5]
					},
					"position": {
						"0.2083": [0, 0, 0],
						"0.4167": [0, 0, -1]
					}
				},
				"bipedLegRight": {
					"rotation": {
						"0.0": [0, 0, 0],
						"0.0417": [8, 7, 5],
						"0.2083": [9.72159, 4.28345, 22.37434]
					},
					"position": [-1, 0, 0]
				}
			}
		},
		"animation.extendedrendererentity.roll": {
			"animation_length": 0.5,
			"bones": {
				"bipedBody": {
					"rotation": {
						"0.0": [-360, 0, 0],
						"0.0833": [-286, 0, 0],
						"0.125": [-244, 0, 0],
						"0.2083": [-181.5, 0, 0],
						"0.375": [-79, 0, 0],
						"0.5": [53.5, 0, 0]
					},
					"position": {
						"0.0": [0, 0, 0],
						"0.0833": [0, 0, 0],
						"0.2083": [0, 4, 0],
						"0.375": [0, -3, 0],
						"0.5": [0, 1, 0]
					}
				},
				"bipedArmLeft": {
					"rotation": {
						"0.0": [0, 0, 0],
						"0.0833": [-93, 0, 0],
						"0.125": [-63, 0, 0]
					}
				},
				"bipedArmRight": {
					"rotation": {
						"0.0": [0, 0, 0],
						"0.0833": [-77, 0, 0],
						"0.125": [-47, 0, 0]
					}
				},
				"bipedHead": {
					"rotation": {
						"0.0": [0, 0, 0],
						"0.0833": [32, 0, 0],
						"0.25": [52.3, 0, 0],
						"0.5": [-45.5, 0, 0]
					}
				},
				"bipedLegLeft": {
					"rotation": {
						"0.0": [0, 0, 0],
						"0.0833": [-27, 0, 0],
						"0.2083": [-122, 0, 0],
						"0.375": [-29.5, 0, 0],
						"0.5": [13, 0, 0]
					},
					"position": {
						"0.0": [0, 0, 0],
						"0.5": [0, 1, -5]
					}
				},
				"bipedLegRight": {
					"rotation": {
						"0.0": [0, 0, 0],
						"0.0833": [-107, 0, 0],
						"0.2083": [-77, 0, 0],
						"0.375": [-104.5, 0, 0],
						"0.5": [-64.5, 0, 0]
					},
					"position": {
						"0.0": [0, 0, 0],
						"0.5": [0, 0, 0]
					}
				}
			}
		}
	},
	"geckolib_format_version": 2
}